[
	{
		"__TYPE__": "SharedSliceContent",
		"variation": "default",
		"primary": {
			"logo_text": {
				"__TYPE__": "FieldContent",
				"value": "period",
				"type": "Text"
			},
			"logo": {
				"origin": {
					"id": "main",
					"url": "https://images.unsplash.com/photo-1589652717521-10c0d092dea9",
					"width": 4752,
					"height": 3168
				},
				"url": "https://images.unsplash.com/photo-1589652717521-10c0d092dea9",
				"width": 4752,
				"height": 3168,
				"edit": {
					"zoom": 1,
					"crop": {
						"x": 0,
						"y": 0
					},
					"background": "transparent"
				},
				"alt": "spell",
				"credits": null,
				"__TYPE__": "ImageContent",
				"thumbnails": {}
			},
			"header_links": {
				"__TYPE__": "RepeatableContent",
				"type": "Link",
				"value": [
					{
						"key": "43280000-d5c1-4bd8-9e95-199e1bee357a",
						"__TYPE__": "LinkContent",
						"value": {
							"__TYPE__": "ExternalLink",
							"url": "http://google.com",
							"text": "package"
						}
					}
				]
			},
			"github_link": {
				"__TYPE__": "LinkContent",
				"key": "faceb073-ab84-4c7b-8335-31876c82943b",
				"value": {
					"__TYPE__": "ExternalLink",
					"url": "https://prismic.io",
					"text": "back"
				}
			}
		},
		"items": []
	}
]