{
  "id": "header",
  "type": "SharedSlice",
  "name": "Header",
  "description": "Header",
  "variations": [
    {
      "id": "default",
      "name": "Default",
      "docURL": "...",
      "version": "initial",
      "description": "Default",
      "imageUrl": "",
      "primary": {
        "logo_text": {
          "type": "Text",
          "config": {
            "label": "Logo Text",
            "placeholder": ""
          }
        },
        "logo": {
          "type": "Image",
          "config": {
            "label": "Logo",
            "constraint": {},
            "thumbnails": []
          }
        },
        "header_links": {
          "type": "Link",
          "config": {
            "label": "Header Links",
            "placeholder": "",
            "select": null,
            "allowTargetBlank": false,
            "allowText": true,
            "repeat": true
          }
        },
        "github_link": {
          "type": "Link",
          "config": {
            "label": "Github Link",
            "placeholder": "",
            "select": null,
            "allowTargetBlank": true,
            "allowText": true,
            "repeat": false
          }
        }
      },
      "items": {}
    }
  ]
}