[
	{
		"__TYPE__": "SharedSliceContent",
		"variation": "default",
		"primary": {
			"developer_full_name": {
				"__TYPE__": "FieldContent",
				"type": "Text",
				"value": "Kazi Mohammad Foysal"
			},
			"social_links": {
				"__TYPE__": "GroupContentType",
				"value": [
					{
						"__TYPE__": "GroupItemContent",
						"value": [
							[
								"link_name",
								{
									"__TYPE__": "FieldContent",
									"type": "Text",
									"value": "facebook"
								}
							],
							[
								"link",
								{
									"key": "814b89df-fa54-4e65-85a5-28628e823d2c",
									"__TYPE__": "LinkContent",
									"value": {
										"__TYPE__": "ExternalLink",
										"url": "https://slicemachine.dev"
									}
								}
							]
						]
					}
				]
			},
			"developer_image": {
				"provider": "imgix",
				"url": "https://images.unsplash.com/photo-1519085360753-af0119f7cbe7?crop=entropy&cs=srgb&fm=jpg&ixid=M3wzMzc0NjN8MHwxfHNlYXJjaHw2fHxlbXBsb3llZXxlbnwwfHx8fDE3NTU4Mzg2NTB8MA&ixlib=rb-4.1.0&q=85&rect=0,1000,4000,4000&w=500&h=500",
				"alt": "man wearing black notched lapel suit jacket in focus photography",
				"origin": {
					"id": "WMD64tMfc4k",
					"url": "https://images.unsplash.com/photo-1519085360753-af0119f7cbe7?crop=entropy&cs=srgb&fm=jpg&ixid=M3wzMzc0NjN8MHwxfHNlYXJjaHw2fHxlbXBsb3llZXxlbnwwfHx8fDE3NTU4Mzg2NTB8MA&ixlib=rb-4.1.0&q=85",
					"width": 4000,
					"height": 6000
				},
				"width": 500,
				"height": 500,
				"edit": {
					"background": "transparent",
					"zoom": 1,
					"crop": {
						"x": 0,
						"y": 1000
					}
				},
				"credits": null,
				"__TYPE__": "ImageContent",
				"thumbnails": {}
			},
			"developer_bio": {
				"__TYPE__": "FieldContent",
				"type": "Text",
				"value": "I have been exploring web development for almost 4 years. after 2021 I strongly started learning WordPress In Depth.I started Developing simple WordPress Plugin and Theme. and successfully published some WordPress Plugins and Themes in The WordPress Plugin and Theme Directory. Earlier I DId Developed A WordPress Plugin That Let Admin of The Site To Create Portfolio With Input From Dashboard Where I Used PHP OOP for Maintainable Code,Webpack for Compiling SAAS,JS,TailWindCSS and WordPress Option API."
			}
		},
		"items": []
	}
]