{
  "id": "hero",
  "type": "SharedSlice",
  "name": "Hero",
  "description": "Hero",
  "variations": [
    {
      "id": "default",
      "name": "Default",
      "docURL": "...",
      "version": "initial",
      "description": "Default",
      "imageUrl": "",
      "primary": {
        "developer_full_name": {
          "type": "Text",
          "config": {
            "label": "Developer Full Name",
            "placeholder": "Mr. Charm"
          }
        },
        "developer_bio": {
          "type": "Text",
          "config": {
            "label": "Developer Bio",
            "placeholder": "Learning and building web applications with a focus on user experience and performance."
          }
        },
        "social_links": {
          "type": "Group",
          "config": {
            "label": "Social Links",
            "repeat": true,
            "fields": {
              "link_name": {
                "type": "Text",
                "config": {
                  "label": "Link Name",
                  "placeholder": "Social"
                }
              },
              "link": {
                "type": "Link",
                "config": {
                  "label": "Link",
                  "placeholder": "https://example.com/",
                  "select": null,
                  "allowTargetBlank": true,
                  "allowText": false,
                  "repeat": false
                }
              }
            }
          }
        },
        "developer_image": {
          "type": "Image",
          "config": {
            "label": "Developer Image",
            "constraint": {
              "width": 500,
              "height": 500
            },
            "thumbnails": []
          }
        }
      },
      "items": {}
    }
  ]
}