[
	{
		"__TYPE__": "SharedSliceContent",
		"variation": "default",
		"primary": {
			"badge": {
				"__TYPE__": "FieldContent",
				"value": "struggle",
				"type": "Text"
			},
			"section_description": {
				"__TYPE__": "FieldContent",
				"value": "organization",
				"type": "Text"
			},
			"projects": {
				"__TYPE__": "GroupContentType",
				"value": [
					{
						"__TYPE__": "GroupItemContent",
						"value": [
							[
								"description",
								{
									"__TYPE__": "FieldContent",
									"value": "naturally",
									"type": "Text"
								}
							],
							[
								"title",
								{
									"__TYPE__": "FieldContent",
									"value": "coach",
									"type": "Text"
								}
							],
							[
								"image",
								{
									"__TYPE__": "ImageContent",
									"origin": {
										"id": "main",
										"url": "https://images.unsplash.com/photo-1537498425277-c283d32ef9db",
										"width": 4380,
										"height": 2895
									},
									"url": "https://images.unsplash.com/photo-1537498425277-c283d32ef9db",
									"width": 4380,
									"height": 2895,
									"edit": {
										"zoom": 1,
										"crop": {
											"x": 0,
											"y": 0
										},
										"background": "transparent"
									},
									"alt": "space",
									"thumbnails": {}
								}
							]
						]
					}
				]
			}
		},
		"items": []
	}
]