{
  "id": "projects",
  "type": "SharedSlice",
  "name": "Projects",
  "description": "Projects",
  "variations": [
    {
      "id": "default",
      "name": "Default",
      "docURL": "...",
      "version": "initial",
      "description": "Default",
      "imageUrl": "",
      "primary": {
        "badge": {
          "type": "Text",
          "config": {
            "label": "Badge",
            "placeholder": "Projects"
          }
        },
        "section_description": {
          "type": "Text",
          "config": {
            "label": "Section Description",
            "placeholder": "Some of the noteworthy projects I have built:"
          }
        },
        "projects": {
          "type": "Group",
          "config": {
            "label": "Projects",
            "repeat": true,
            "fields": {
              "description": {
                "type": "Text",
                "config": {
                  "label": "Description",
                  "placeholder": ""
                }
              },
              "title": {
                "type": "Text",
                "config": {
                  "label": "Title",
                  "placeholder": ""
                }
              },
              "image": {
                "type": "Image",
                "config": {
                  "label": "Image",
                  "constraint": {},
                  "thumbnails": []
                }
              }
            }
          }
        }
      },
      "items": {}
    }
  ]
}