[
	{
		"__TYPE__": "SharedSliceContent",
		"variation": "default",
		"primary": {
			"name": {
				"__TYPE__": "FieldContent",
				"value": "event",
				"type": "Text"
			},
			"designation": {
				"__TYPE__": "FieldContent",
				"value": "student",
				"type": "Text"
			},
			"location": {
				"__TYPE__": "FieldContent",
				"value": "zero",
				"type": "Text"
			},
			"email": {
				"__TYPE__": "FieldContent",
				"value": "rather",
				"type": "Text"
			},
			"external_links": {
				"__TYPE__": "RepeatableContent",
				"type": "Link",
				"value": [
					{
						"key": "8300dcfb-7352-4d59-a864-5bbbdbd21d5c",
						"__TYPE__": "LinkContent",
						"value": {
							"__TYPE__": "ExternalLink",
							"url": "https://prismic.io",
							"text": "solid"
						}
					}
				]
			},
			"social_links": {
				"__TYPE__": "LinkContent",
				"key": "9aae9435-79e5-4d6b-a56a-e99a41c03659",
				"value": {
					"__TYPE__": "ExternalLink",
					"url": "http://twitter.com",
					"text": "report"
				}
			}
		},
		"items": []
	}
]