{
  "id": "footer",
  "type": "SharedSlice",
  "name": "Footer",
  "description": "Footer",
  "variations": [
    {
      "id": "default",
      "name": "Default",
      "docURL": "...",
      "version": "initial",
      "description": "Default",
      "imageUrl": "",
      "primary": {
        "name": {
          "type": "Text",
          "config": {
            "label": "Name",
            "placeholder": ""
          }
        },
        "designation": {
          "type": "Text",
          "config": {
            "label": "Designation",
            "placeholder": ""
          }
        },
        "location": {
          "type": "Text",
          "config": {
            "label": "Location",
            "placeholder": ""
          }
        },
        "email": {
          "type": "Text",
          "config": {
            "label": "Email",
            "placeholder": ""
          }
        },
        "external_links": {
          "type": "Link",
          "config": {
            "label": "External Links",
            "placeholder": "",
            "select": null,
            "allowTargetBlank": true,
            "allowText": true,
            "repeat": true
          }
        },
        "social_links": {
          "type": "Link",
          "config": {
            "label": "Social Links",
            "placeholder": "",
            "select": null,
            "allowTargetBlank": true,
            "allowText": true,
            "repeat": false
          }
        }
      },
      "items": {}
    }
  ]
}