[
  {
    "__TYPE__": "SharedSliceContent",
    "variation": "default",
    "primary": {
      "content": {
        "__TYPE__": "StructuredTextContent",
        "value": [
          {
            "type": "paragraph",
            "content": {
              "text": "Esse aliqua qui in qui duis nisi. Esse elit elit culpa cillum dolore eiusmod aliquip deserunt."
            }
          }
        ]
      }
    },
    "items": [
      {
        "__TYPE__": "GroupItemContent",
        "value": []
      }
    ]
  }
]
