[
	{
		"__TYPE__": "SharedSliceContent",
		"variation": "default",
		"primary": {
			"badge": {
				"__TYPE__": "FieldContent",
				"value": "chemical",
				"type": "Text"
			},
			"section_description": {
				"__TYPE__": "FieldContent",
				"value": "support",
				"type": "Text"
			},
			"experiences": {
				"__TYPE__": "GroupContentType",
				"value": [
					{
						"__TYPE__": "GroupItemContent",
						"value": [
							[
								"designation",
								{
									"__TYPE__": "FieldContent",
									"value": "judge",
									"type": "Text"
								}
							],
							[
								"description",
								{
									"__TYPE__": "FieldContent",
									"value": "remarkable",
									"type": "Text"
								}
							],
							[
								"start_time",
								{
									"__TYPE__": "FieldContent",
									"type": "Date",
									"value": "2015-02-02"
								}
							],
							[
								"end_time",
								{
									"__TYPE__": "FieldContent",
									"type": "Date",
									"value": "2015-08-15"
								}
							],
							[
								"currently_working",
								{
									"__TYPE__": "BooleanContent",
									"value": false
								}
							],
							[
								"image",
								{
									"origin": {
										"id": "main",
										"url": "https://images.unsplash.com/photo-1589652717521-10c0d092dea9",
										"width": 4752,
										"height": 3168
									},
									"url": "https://images.unsplash.com/photo-1589652717521-10c0d092dea9",
									"width": 4752,
									"height": 3168,
									"edit": {
										"zoom": 1,
										"crop": {
											"x": 0,
											"y": 0
										},
										"background": "transparent"
									},
									"alt": "promised",
									"credits": null,
									"__TYPE__": "ImageContent",
									"thumbnails": {}
								}
							],
							[
								"title",
								{
									"__TYPE__": "FieldContent",
									"value": "importance",
									"type": "Text"
								}
							]
						]
					}
				]
			}
		},
		"items": []
	}
]