{
  "id": "experiences",
  "type": "SharedSlice",
  "name": "Experiences",
  "description": "Experiences",
  "variations": [
    {
      "id": "default",
      "name": "Default",
      "docURL": "...",
      "version": "initial",
      "description": "Default",
      "imageUrl": "",
      "primary": {
        "badge": {
          "type": "Text",
          "config": {
            "label": "Badge",
            "placeholder": ""
          }
        },
        "section_description": {
          "type": "Text",
          "config": {
            "label": "Section Description",
            "placeholder": ""
          }
        },
        "experiences": {
          "type": "Group",
          "config": {
            "label": "Experiences",
            "repeat": true,
            "fields": {
              "designation": {
                "type": "Text",
                "config": {
                  "label": "Designation",
                  "placeholder": ""
                }
              },
              "description": {
                "type": "Text",
                "config": {
                  "label": "Description",
                  "placeholder": ""
                }
              },
              "start_time": {
                "type": "Date",
                "config": {
                  "label": "Start Time",
                  "placeholder": ""
                }
              },
              "end_time": {
                "type": "Date",
                "config": {
                  "label": "End Time",
                  "placeholder": ""
                }
              },
              "currently_working": {
                "type": "Boolean",
                "config": {
                  "label": "Currently Working",
                  "placeholder_false": "false",
                  "placeholder_true": "true",
                  "default_value": false
                }
              },
              "image": {
                "type": "Image",
                "config": {
                  "label": "Image",
                  "constraint": {},
                  "thumbnails": []
                }
              },
              "title": {
                "type": "Text",
                "config": {
                  "label": "Title",
                  "placeholder": ""
                }
              }
            }
          }
        }
      },
      "items": {}
    }
  ]
}