[
  {
    "uid": {
      "__TYPE__": "UIDContent",
      "value": "congress"
    },
    "title": {
      "__TYPE__": "StructuredTextContent",
      "value": [
        {
          "type": "heading1",
          "content": {
            "text": "Medicine"
          }
        }
      ]
    },
    "slices": {
      "__TYPE__": "SliceContentType",
      "value": [
        {
          "key": "rich_text$3e97d0df-9e9e-40c8-83ff-346f91aba429",
          "name": "rich_text",
          "widget": {
            "__TYPE__": "SharedSliceContent",
            "variation": "default",
            "primary": {
              "content": {
                "__TYPE__": "StructuredTextContent",
                "value": [
                  {
                    "type": "paragraph",
                    "content": {
                      "text": "Aliquip veniam sit excepteur excepteur ut laborum exercitation duis incididunt."
                    }
                  }
                ]
              }
            },
            "items": [
              {
                "__TYPE__": "GroupItemContent",
                "value": []
              }
            ]
          }
        }
      ]
    }
  }
]
