[
	{
		"__TYPE__": "SharedSliceContent",
		"variation": "default",
		"primary": {
			"badge": {
				"__TYPE__": "FieldContent",
				"value": "cry",
				"type": "Text"
			},
			"section_description": {
				"__TYPE__": "FieldContent",
				"value": "said",
				"type": "Text"
			},
			"skills": {
				"__TYPE__": "GroupContentType",
				"value": [
					{
						"__TYPE__": "GroupItemContent",
						"value": [
							[
								"skill_name",
								{
									"__TYPE__": "FieldContent",
									"value": "pull",
									"type": "Text"
								}
							],
							[
								"skill_logo",
								{
									"origin": {
										"id": "main",
										"url": "https://images.unsplash.com/photo-1504198070170-4ca53bb1c1fa",
										"width": 2747,
										"height": 4120
									},
									"url": "https://images.unsplash.com/photo-1504198070170-4ca53bb1c1fa",
									"width": 2747,
									"height": 4120,
									"edit": {
										"zoom": 1,
										"crop": {
											"x": 0,
											"y": 0
										},
										"background": "transparent"
									},
									"alt": "escape",
									"credits": null,
									"__TYPE__": "ImageContent",
									"thumbnails": {}
								}
							]
						]
					}
				]
			}
		},
		"items": []
	}
]