{
  "id": "skills",
  "type": "SharedSlice",
  "name": "Skills",
  "description": "Skills",
  "variations": [
    {
      "id": "default",
      "name": "Default",
      "docURL": "...",
      "version": "initial",
      "description": "Default",
      "imageUrl": "",
      "primary": {
        "badge": {
          "type": "Text",
          "config": {
            "label": "Badge",
            "placeholder": "Skills"
          }
        },
        "section_description": {
          "type": "Text",
          "config": {
            "label": "Section Description",
            "placeholder": "The skills, tools and technologies I am really good at:"
          }
        },
        "skills": {
          "type": "Group",
          "config": {
            "label": "Skills",
            "repeat": true,
            "fields": {
              "skill_name": {
                "type": "Text",
                "config": {
                  "label": "Skill Name",
                  "placeholder": ""
                }
              },
              "skill_logo": {
                "type": "Image",
                "config": {
                  "label": "Skill Logo",
                  "constraint": {},
                  "thumbnails": []
                }
              }
            }
          }
        }
      },
      "items": {}
    }
  ]
}