[
	{
		"__TYPE__": "SharedSliceContent",
		"variation": "default",
		"primary": {
			"badge": {
				"__TYPE__": "FieldContent",
				"value": "air",
				"type": "Text"
			},
			"section_description": {
				"__TYPE__": "FieldContent",
				"value": "want",
				"type": "Text"
			},
			"name": {
				"__TYPE__": "FieldContent",
				"value": "doctor",
				"type": "Text"
			},
			"designation": {
				"__TYPE__": "FieldContent",
				"value": "environment",
				"type": "Text"
			},
			"email": {
				"__TYPE__": "FieldContent",
				"value": "this",
				"type": "Text"
			},
			"phone": {
				"__TYPE__": "FieldContent",
				"value": "aside",
				"type": "Text"
			},
			"image": {
				"__TYPE__": "ImageContent",
				"origin": {
					"id": "main",
					"url": "https://images.unsplash.com/photo-1589321578146-4c1ba445cc88",
					"width": 3168,
					"height": 4752
				},
				"url": "https://images.unsplash.com/photo-1589321578146-4c1ba445cc88",
				"width": 3168,
				"height": 4752,
				"edit": {
					"zoom": 1,
					"crop": {
						"x": 0,
						"y": 0
					},
					"background": "transparent"
				},
				"alt": "pack",
				"thumbnails": {}
			}
		},
		"items": []
	}
]