{
  "id": "contact",
  "type": "SharedSlice",
  "name": "Contact",
  "description": "Contact",
  "variations": [
    {
      "id": "default",
      "name": "Default",
      "docURL": "...",
      "version": "initial",
      "description": "Default",
      "imageUrl": "",
      "primary": {
        "badge": {
          "type": "Text",
          "config": {
            "label": "Badge",
            "placeholder": "Contact Me"
          }
        },
        "section_description": {
          "type": "Text",
          "config": {
            "label": "Section Description",
            "placeholder": ""
          }
        },
        "name": {
          "type": "Text",
          "config": {
            "label": "Name",
            "placeholder": ""
          }
        },
        "designation": {
          "type": "Text",
          "config": {
            "label": "Designation",
            "placeholder": ""
          }
        },
        "email": {
          "type": "Text",
          "config": {
            "label": "Email",
            "placeholder": ""
          }
        },
        "phone": {
          "type": "Text",
          "config": {
            "label": "Phone",
            "placeholder": ""
          }
        },
        "image": {
          "type": "Image",
          "config": {
            "label": "Image",
            "constraint": {},
            "thumbnails": []
          }
        }
      },
      "items": {}
    }
  ]
}